{
  "batch_size": 32,
  "lr": 0.001,
  "weight_decay": 1e-05,
  "num_epochs": 8,
  "image_size": 128,
  "train_losses": [
    "3.4003608",
    "3.3118682",
    "3.3159637",
    "3.3153837",
    "3.3155296",
    "3.3141844",
    "3.3119059",
    "3.315496"
  ],
  "val_losses": [
    "3.309119",
    "3.3089254",
    "3.3088548",
    "3.3088496",
    "3.3088567",
    "3.308853",
    "3.3088517",
    "3.3088486"
  ]
}