{
  "batch_size": 32,
  "lr": 0.001,
  "weight_decay": 1e-05,
  "num_epochs": 10,
  "image_size": 128,
  "train_losses": [
    "0.028026046",
    "0.012326855",
    "0.011398543",
    "0.010838319",
    "0.010530602",
    "0.010362605",
    "0.01001708",
    "0.009992979",
    "0.009796389",
    "0.009622673"
  ],
  "val_losses": [
    "0.013464969",
    "0.011637987",
    "0.011250912",
    "0.010624342",
    "0.010380829",
    "0.010466565",
    "0.010168131",
    "0.010051025",
    "0.009811182",
    "0.00956734"
  ]
}