{
  "batch_size": 32,
  "lr": 0.001,
  "weight_decay": 1e-05,
  "num_epochs": 8,
  "image_size": 128,
  "train_losses": [
    "4.8662734",
    "4.825019",
    "4.714505",
    "4.6432457",
    "4.5943127",
    "4.55512",
    "4.5235205",
    "4.5013494"
  ],
  "val_losses": [
    "4.377624",
    "4.374156",
    "4.370192",
    "4.3643813",
    "4.35635",
    "4.3478913",
    "4.3415656",
    "4.3377"
  ]
}