{
  "batch_size": 32,
  "lr": 0.001,
  "weight_decay": 1e-05,
  "num_epochs": 15,
  "image_size": 128,
  "greyscale": false,
  "architecture_name": "AE_Architecture_0108_2",
  "train_losses": [
    "0.028054487",
    "0.012386197",
    "0.011336375",
    "0.010849309",
    "0.010698373",
    "0.010309552",
    "0.010024469",
    "0.009993766",
    "0.0097981235",
    "0.0096222535",
    "0.009612694",
    "0.009482469",
    "0.009358707",
    "0.0093907",
    "0.009178475"
  ],
  "val_losses": [
    "0.013414677",
    "0.011640243",
    "0.010942995",
    "0.010792769",
    "0.010382188",
    "0.010644039",
    "0.010170064",
    "0.01003826",
    "0.009879252",
    "0.009598527",
    "0.009595401",
    "0.009723897",
    "0.009747639",
    "0.009086209",
    "0.009184941"
  ]
}