{
  "config": {
    "seed": 1,
    "batch_size": 4,
    "learning_rate": 0.001,
    "momentum": 0.9,
    "epochs": 3,
    "train_prop": 0.9,
    "val_prop": 0.05,
    "model_name": "inception",
    "use_transfer_learning": true,
    "use_pretrained": true,
    "data_dir": "none",
    "sorted_data_dir": "test_data",
    "classes": [
      "Failure",
      "Success"
    ],
    "class_balance": [
      4,
      0.5
    ],
    "model_path": "model.pth"
  },
  "time": "Mon Jun 20 15:48:37 2022",
  "epochs": [
    {
      "loss": 0.472411389152209,
      "validation_loss": 1.5982272773981094,
      "time_taken": 3.614872932434082
    },
    {
      "loss": 0.8959421931455532,
      "validation_loss": 2.1453815014101565,
      "time_taken": 1.2811484336853027
    },
    {
      "loss": 0.7327654841873381,
      "validation_loss": 0.8750938475131989,
      "time_taken": 1.2528266906738281
    }
  ],
  "confusion_matrix": [
    [
      8,
      0
    ],
    [
      8,
      0
    ]
  ]
}