{
  "config": {
    "seed": 1,
    "batch_size": 4,
    "learning_rate": 0.001,
    "momentum": 0.9,
    "epochs": 3,
    "train_prop": 0.9,
    "val_prop": 0.05,
    "model_name": "inception",
    "use_transfer_learning": true,
    "use_pretrained": true,
    "data_dir": "none",
    "sorted_data_dir": "test_data",
    "classes": [
      "Failure",
      "Success"
    ],
    "upsample_by_class": [
      3,
      1
    ],
    "model_path": "model.pth"
  },
  "time": "Wed Jun 15 17:08:54 2022",
  "epochs": [
    {
      "loss": 1.0810211598873138,
      "validation_loss": 0.6908124089241028,
      "time_taken": 3.1409642696380615
    },
    {
      "loss": 1.0102971494197845,
      "validation_loss": 0.6464619636535645,
      "time_taken": 0.7983520030975342
    },
    {
      "loss": 0.9110626727342606,
      "validation_loss": 0.6423452198505402,
      "time_taken": 0.9254512786865234
    }
  ],
  "confusion_matrix": [
    [
      0,
      8
    ],
    [
      1,
      7
    ]
  ]
}