{
  "batch_size": 32,
  "lr": 0.001,
  "weight_decay": 1e-05,
  "num_epochs": 8,
  "image_size": 128,
  "train_losses": [
    "30.395973",
    "28.779829",
    "27.287167",
    "26.256413",
    "25.476341",
    "24.683422",
    "23.184633",
    "20.76792"
  ],
  "val_losses": [
    "30.087166",
    "27.888956",
    "27.022942",
    "26.017607",
    "25.382694",
    "24.673208",
    "22.085764",
    "20.498318"
  ]
}