{
  "batch_size": 32,
  "lr": 0.001,
  "weight_decay": 1e-05,
  "num_epochs": 8,
  "image_size": 128,
  "train_losses": [
    "27.416496",
    "20.49197",
    "18.771585",
    "18.117043",
    "17.782957",
    "17.55068",
    "17.230778",
    "16.770344"
  ],
  "val_losses": [
    "22.68005",
    "19.540527",
    "19.570461",
    "18.174324",
    "17.93124",
    "19.220963",
    "17.303083",
    "16.952238"
  ]
}