{
  "batch_size": 32,
  "lr": 0.001,
  "weight_decay": 1e-05,
  "num_epochs": 10,
  "image_size": 32,
  "train_losses": [
    "0.003788078",
    "0.0016895208",
    "0.0016791383",
    "0.0015877285",
    "0.001617144",
    "0.0015667344",
    "0.0015961988",
    "0.0015600874",
    "0.0015429533",
    "0.0015440707"
  ],
  "val_losses": [
    "0.0015370285",
    "0.0012828335",
    "0.0012129077",
    "0.0013598505",
    "0.0013232181",
    "0.0012930441",
    "0.0012971874",
    "0.0013435285",
    "0.0011800573",
    "0.0012527226"
  ]
}