{
  "batch_size": 32,
  "lr": 0.001,
  "weight_decay": 1e-05,
  "num_epochs": 8,
  "image_size": 128,
  "train_losses": [
    "4.22079",
    "3.8284004",
    "3.6713266",
    "3.6435084",
    "3.631812",
    "3.6200337",
    "3.6104808",
    "3.6046057"
  ],
  "val_losses": [
    "4.059529",
    "3.6742406",
    "3.6310098",
    "3.6171167",
    "3.6037707",
    "3.5960724",
    "3.5844824",
    "3.5817213"
  ]
}