{
  "batch_size": 32,
  "lr": 0.001,
  "weight_decay": 1e-05,
  "num_epochs": 8,
  "image_size": 128,
  "train_losses": [
    "0.0076073324",
    "0.005437295",
    "0.005172091",
    "0.0048038904",
    "0.0044278177",
    "0.004230726",
    "0.0040703546",
    "0.0039016977"
  ],
  "val_losses": [
    "0.00580623",
    "0.0054185377",
    "0.0052768793",
    "0.0047980226",
    "0.0045230878",
    "0.004421161",
    "0.0042128093",
    "0.0040992554"
  ]
}