{
  "batch_size": 32,
  "lr": 0.001,
  "weight_decay": 1e-05,
  "num_epochs": 15,
  "image_size": 128,
  "greyscale": false,
  "architecture_name": "AE_Architecture_0812_1",
  "train_losses": [
    "0.025229074",
    "0.017690318",
    "0.01677571",
    "0.016140075",
    "0.01574605",
    "0.015513275",
    "0.0152703505",
    "0.01501545",
    "0.014929631",
    "0.014764327",
    "0.014735848",
    "0.014440449",
    "0.014346342",
    "0.014329835",
    "0.014147517"
  ],
  "val_losses": [
    "0.018948227",
    "0.016978208",
    "0.016554717",
    "0.016015109",
    "0.016047778",
    "0.015562893",
    "0.015678028",
    "0.015327989",
    "0.015768137",
    "0.015271762",
    "0.014834971",
    "0.014718221",
    "0.014471825",
    "0.014150089",
    "0.014444602"
  ]
}