{
  "batch_size": 32,
  "lr": 0.001,
  "weight_decay": 1e-05,
  "num_epochs": 8,
  "image_size": 128,
  "train_losses": [
    "3.8126104",
    "3.6488056",
    "3.6365144",
    "3.6306238",
    "3.62828",
    "3.6177979",
    "3.6047764",
    "3.5970466"
  ],
  "val_losses": [
    "3.6415057",
    "3.6219478",
    "3.6150882",
    "3.6088126",
    "3.6069767",
    "3.5890756",
    "3.5760038",
    "3.5780125"
  ]
}