{
  "batch_size": 32,
  "lr": 0.001,
  "weight_decay": 1e-05,
  "num_epochs": 15,
  "image_size": 128,
  "train_losses": [
    "5.922106",
    "5.909887",
    "5.895115",
    "5.881815",
    "5.869692",
    "5.8581843",
    "5.846948",
    "5.8356037",
    "5.8244224",
    "5.8131647",
    "5.8018165",
    "5.7903876",
    "5.778964",
    "5.7674885",
    "5.7559004"
  ],
  "val_losses": [
    "5.862413",
    "5.8607235",
    "5.8593783",
    "5.858254",
    "5.857097",
    "5.8557057",
    "5.8540726",
    "5.8522096",
    "5.8501678",
    "5.847979",
    "5.8454075",
    "5.842228",
    "5.8384933",
    "5.833828",
    "5.828676"
  ]
}