{
  "batch_size": 32,
  "lr": 0.001,
  "weight_decay": 1e-05,
  "num_epochs": 8,
  "image_size": 128,
  "train_losses": [
    "0.01553953",
    "0.0039346926",
    "0.0034506288",
    "0.0031592352",
    "0.0029923178",
    "0.0029531312",
    "0.0028587047",
    "0.0027743727"
  ],
  "val_losses": [
    "0.0043873126",
    "0.0032483283",
    "0.0026290189",
    "0.0028401895",
    "0.0025373753",
    "0.0024101522",
    "0.0023163569",
    "0.0024829202"
  ]
}