{
  "batch_size": 32,
  "lr": 0.001,
  "weight_decay": 1e-05,
  "num_epochs": 10,
  "image_size": 32,
  "train_losses": [
    "0.0037880777",
    "0.0016895238",
    "0.0016791554",
    "0.0015877257",
    "0.0016170918",
    "0.0015667385",
    "0.001596519",
    "0.001560137",
    "0.0015413954",
    "0.0015442763"
  ],
  "val_losses": [
    "0.0015370263",
    "0.0012828363",
    "0.0012129054",
    "0.0013597759",
    "0.0013232583",
    "0.0012928917",
    "0.0012998263",
    "0.0013424767",
    "0.0011802361",
    "0.0012536799"
  ]
}