{
  "batch_size": 32,
  "lr": 0.001,
  "weight_decay": 1e-05,
  "num_epochs": 8,
  "image_size": 128,
  "train_losses": [
    "5.128223",
    "4.109272",
    "3.910949",
    "3.8546605",
    "3.8339002",
    "3.8226662",
    "3.816264",
    "3.8124542"
  ],
  "val_losses": [
    "4.3124924",
    "3.9488993",
    "3.8659923",
    "3.8345242",
    "3.8209162",
    "3.8133626",
    "3.8062718",
    "3.803905"
  ]
}