{
  "batch_size": 32,
  "lr": 0.001,
  "weight_decay": 1e-05,
  "num_epochs": 8,
  "image_size": 128,
  "train_losses": [
    "29.810537",
    "26.175074",
    "21.3795",
    "15.369134",
    "7.9259424",
    "-0.83829415",
    "-10.973826",
    "-22.454676"
  ],
  "val_losses": [
    "28.44527",
    "24.440266",
    "19.217182",
    "12.63577",
    "4.4652457",
    "-4.8959794",
    "-15.941423",
    "-32.185314"
  ]
}