{
  "batch_size": 32,
  "lr": 0.001,
  "weight_decay": 1e-05,
  "num_epochs": 15,
  "image_size": 128,
  "greyscale": false,
  "architecture_name": "AE_Architecture_0812_1",
  "train_losses": [
    "0.023965864",
    "0.011698391",
    "0.010561603",
    "0.009605868",
    "0.009173942",
    "0.008782737",
    "0.008538845",
    "0.00816681",
    "0.007927394",
    "0.007594765",
    "0.0076143313",
    "0.007358354",
    "0.007175007",
    "0.0070835156",
    "0.0068910136"
  ],
  "val_losses": [
    "0.012498585",
    "0.010852017",
    "0.009897752",
    "0.009669067",
    "0.008969982",
    "0.008694082",
    "0.008570831",
    "0.00822876",
    "0.008013315",
    "0.0076945345",
    "0.0073400857",
    "0.007270597",
    "0.0075603374",
    "0.006819947",
    "0.006868285"
  ]
}