{
  "batch_size": 32,
  "lr": 0.001,
  "weight_decay": 1e-05,
  "num_epochs": 15,
  "image_size": 128,
  "train_losses": [
    "0.007599392",
    "0.0053902697",
    "0.0050676377",
    "0.0047106575",
    "0.004376324",
    "0.00421807",
    "0.0040882705",
    "0.004050231",
    "0.004079048",
    "0.0038689694",
    "0.0037598284",
    "0.0036528914",
    "0.00350995",
    "0.0034320762",
    "0.0033897674"
  ],
  "val_losses": [
    "0.0057796314",
    "0.0053592836",
    "0.0050545097",
    "0.0047210217",
    "0.0044495654",
    "0.004407288",
    "0.004722061",
    "0.0041357297",
    "0.0043902327",
    "0.003994792",
    "0.0040911096",
    "0.0037491333",
    "0.0037727237",
    "0.0035164214",
    "0.0034544636"
  ]
}