{
  "batch_size": 32,
  "lr": 0.001,
  "weight_decay": 1e-05,
  "num_epochs": 10,
  "image_size": 64,
  "train_losses": [
    "0.023346758",
    "0.009973571",
    "0.009115653",
    "0.008873892",
    "0.0085917665",
    "0.008514052",
    "0.008279159",
    "0.008132343",
    "0.008100969",
    "0.00785226"
  ],
  "val_losses": [
    "0.011398408",
    "0.009467068",
    "0.009007576",
    "0.00943488",
    "0.008420304",
    "0.008428458",
    "0.00827337",
    "0.008172452",
    "0.008077785",
    "0.007869629"
  ]
}