{
  "batch_size": 32,
  "lr": 0.001,
  "weight_decay": 1e-05,
  "num_epochs": 8,
  "image_size": 128,
  "train_losses": [
    "3.9561505",
    "3.6797652",
    "3.6509697",
    "3.641612",
    "3.633689",
    "3.618872",
    "3.6110964",
    "3.6059873"
  ],
  "val_losses": [
    "3.6785347",
    "3.6404052",
    "3.6264873",
    "3.6197934",
    "3.6030095",
    "3.5924416",
    "3.587164",
    "3.5857296"
  ]
}