{
  "batch_size": 32,
  "lr": 0.001,
  "weight_decay": 1e-05,
  "num_epochs": 8,
  "image_size": 64,
  "train_losses": [
    "5.104828",
    "4.085806",
    "3.8616235",
    "3.8030846",
    "3.7802043",
    "3.7688909",
    "3.7621908",
    "3.7578576"
  ],
  "val_losses": [
    "4.360538",
    "3.917472",
    "3.8172746",
    "3.78315",
    "3.7671866",
    "3.7586696",
    "3.7527275",
    "3.7499256"
  ]
}