{
  "batch_size": 32,
  "lr": 0.001,
  "weight_decay": 1e-05,
  "num_epochs": 8,
  "image_size": 128,
  "train_losses": [
    "3.9213955",
    "3.674026",
    "3.6391778",
    "3.6260898",
    "3.6191185",
    "3.6066334",
    "3.6006866",
    "3.5954525"
  ],
  "val_losses": [
    "3.6864371",
    "3.6351743",
    "3.6097825",
    "3.6061025",
    "3.5900497",
    "3.5813928",
    "3.5772605",
    "3.5745115"
  ]
}