{
  "batch_size": 32,
  "lr": 0.001,
  "weight_decay": 1e-05,
  "num_epochs": 10,
  "image_size": 32,
  "train_losses": [
    "0.014960746",
    "0.009824641",
    "0.009743997",
    "0.009676542",
    "0.009570527",
    "0.009668442",
    "0.009516151",
    "0.00956186",
    "0.009493678",
    "0.009539082"
  ],
  "val_losses": [
    "0.009705131",
    "0.010105725",
    "0.009631731",
    "0.009659799",
    "0.009774653",
    "0.009802273",
    "0.0096201105",
    "0.009617795",
    "0.0096411295",
    "0.00958696"
  ]
}