{
  "batch_size": 32,
  "lr": 0.001,
  "weight_decay": 1e-05,
  "num_epochs": 8,
  "image_size": 128,
  "train_losses": [
    "0.008947884",
    "0.007887934",
    "0.0072512375",
    "0.0062678177",
    "0.0039914236",
    "0.0032853447",
    "0.003077353",
    "0.0029690298"
  ],
  "val_losses": [
    "0.0086382795",
    "0.007862096",
    "0.0068060462",
    "0.006009037",
    "0.003055179",
    "0.0026128234",
    "0.0024647412",
    "0.0026070497"
  ]
}