{
  "batch_size": 32,
  "lr": 0.001,
  "weight_decay": 1e-05,
  "num_epochs": 10,
  "image_size": 32,
  "train_losses": [
    "0.015458034",
    "0.007603787",
    "0.0068148784",
    "0.0065253354",
    "0.006204048",
    "0.006015275",
    "0.005789187",
    "0.0056842035",
    "0.0056237625",
    "0.0053971503"
  ],
  "val_losses": [
    "0.0080050975",
    "0.007049715",
    "0.006782938",
    "0.0066413805",
    "0.006062731",
    "0.0059401337",
    "0.0059956675",
    "0.006066944",
    "0.0055510453",
    "0.0054512527"
  ]
}