{
  "batch_size": 32,
  "lr": 0.001,
  "weight_decay": 1e-05,
  "num_epochs": 8,
  "image_size": 128,
  "train_losses": [
    "4.2160363",
    "3.7676466",
    "3.6521518",
    "3.6301322",
    "3.6195917",
    "3.610294",
    "3.603596",
    "3.5981314"
  ],
  "val_losses": [
    "4.025952",
    "3.655467",
    "3.616569",
    "3.6032698",
    "3.590241",
    "3.58523",
    "3.5784907",
    "3.5753317"
  ]
}