{
  "config": {
    "seed": 1,
    "batch_size": 4,
    "learning_rate": 0.001,
    "momentum": 0.9,
    "epochs": 3,
    "train_prop": 0.9,
    "val_prop": 0.05,
    "model_name": "inception",
    "use_transfer_learning": true,
    "use_pretrained": true,
    "data_dir": "none",
    "sorted_data_dir": "test_data",
    "classes": [
      "Failure",
      "Success"
    ],
    "class_balance": [
      0.75,
      1
    ],
    "model_path": "model.pth"
  },
  "time": "Mon Jun 20 16:25:25 2022",
  "epochs": [
    {
      "loss": 1.0625187903642654,
      "validation_loss": 0.6934777200222015,
      "time_taken": 0.8361592292785645
    },
    {
      "loss": 0.9158093631267548,
      "validation_loss": 0.6981044560670853,
      "time_taken": 0.7774310111999512
    },
    {
      "loss": 1.002774327993393,
      "validation_loss": 0.7594674974679947,
      "time_taken": 0.7561187744140625
    }
  ],
  "confusion_matrix": [
    [
      0,
      8
    ],
    [
      0,
      8
    ]
  ]
}