{
  "batch_size": 32,
  "lr": 0.001,
  "weight_decay": 1e-05,
  "num_epochs": 15,
  "image_size": 128,
  "train_losses": [
    "5.012364",
    "4.102739",
    "3.9076555",
    "3.8540523",
    "3.8322709",
    "3.8210227",
    "3.8144028",
    "3.810153",
    "3.807559",
    "3.8052094",
    "3.8035603",
    "3.8025653",
    "3.8012402",
    "3.800767",
    "3.8000762"
  ],
  "val_losses": [
    "4.363717",
    "3.955549",
    "3.8650765",
    "3.833733",
    "3.8190434",
    "3.8118384",
    "3.8058605",
    "3.8024507",
    "3.800452",
    "3.799",
    "3.7978003",
    "3.7966187",
    "3.796271",
    "3.795719",
    "3.7947798"
  ]
}