{
  "batch_size": 32,
  "lr": 0.001,
  "weight_decay": 1e-05,
  "num_epochs": 8,
  "image_size": 128,
  "train_losses": [
    "3.850308",
    "3.6488748",
    "3.627236",
    "3.6139586",
    "3.6084914",
    "3.6024842",
    "3.5985088",
    "3.5943725"
  ],
  "val_losses": [
    "3.6513393",
    "3.6123815",
    "3.5958872",
    "3.589124",
    "3.5815063",
    "3.583748",
    "3.573546",
    "3.572644"
  ]
}