{
  "batch_size": 32,
  "lr": 0.001,
  "weight_decay": 1e-05,
  "num_epochs": 8,
  "image_size": 128,
  "train_losses": [
    "4.989532",
    "4.093521",
    "3.9107373",
    "3.8575459",
    "3.8361092",
    "3.8244915",
    "3.8179038",
    "3.8137298"
  ],
  "val_losses": [
    "4.2833138",
    "3.963818",
    "3.8658645",
    "3.8413348",
    "3.8224854",
    "3.814701",
    "3.8089705",
    "3.8069458"
  ]
}