{
  "batch_size": 32,
  "lr": 0.001,
  "weight_decay": 1e-06,
  "num_epochs": 50,
  "image_size": 128,
  "train_losses": [
    "0.020721268",
    "0.010919964",
    "0.010287694",
    "0.010042537",
    "0.009792384",
    "0.009309683",
    "0.009223655",
    "0.008997001",
    "0.008929077",
    "0.008767881",
    "0.00875063",
    "0.008697163",
    "0.008552892",
    "0.008556476",
    "0.00845422",
    "0.008386121",
    "0.0083500985",
    "0.008236857",
    "0.008191308",
    "0.008187705",
    "0.008092226",
    "0.008152287",
    "0.008053039",
    "0.008025984",
    "0.008008697",
    "0.007892165",
    "0.0078257155",
    "0.0077627306",
    "0.0077680172",
    "0.007726701",
    "0.007852004",
    "0.0076455064",
    "0.0075625665",
    "0.0075776167",
    "0.00761775",
    "0.0075735305",
    "0.007526728",
    "0.0074668624",
    "0.0073876125",
    "0.007424512",
    "0.0073726038",
    "0.0074161463",
    "0.007298601",
    "0.007295094",
    "0.0072270334",
    "0.007233369",
    "0.0072301836",
    "0.007192655",
    "0.007194433",
    "0.007179679"
  ],
  "val_losses": [
    "0.011343831",
    "0.010773398",
    "0.010006238",
    "0.009890106",
    "0.009772964",
    "0.00973566",
    "0.009182381",
    "0.008916686",
    "0.009134339",
    "0.008929718",
    "0.008819878",
    "0.008628505",
    "0.008804737",
    "0.008672597",
    "0.008974162",
    "0.008423467",
    "0.008380624",
    "0.008448759",
    "0.008489513",
    "0.008377523",
    "0.008365997",
    "0.008290293",
    "0.008129735",
    "0.008165925",
    "0.008440425",
    "0.008258853",
    "0.008127548",
    "0.008174462",
    "0.008291947",
    "0.0088319145",
    "0.008249593",
    "0.008148326",
    "0.008283487",
    "0.008336148",
    "0.008317022",
    "0.008012637",
    "0.007971849",
    "0.008125483",
    "0.007996849",
    "0.007987782",
    "0.007857654",
    "0.008026042",
    "0.007943522",
    "0.007865251",
    "0.00802227",
    "0.008106372",
    "0.007990463",
    "0.007912256",
    "0.007922785",
    "0.007860635"
  ]
}