{
  "batch_size": 32,
  "lr": 0.001,
  "weight_decay": 1e-05,
  "num_epochs": 10,
  "image_size": 128,
  "train_losses": [
    "0.02806475",
    "0.012317408",
    "0.0112927025",
    "0.010854637",
    "0.010575586",
    "0.010332025",
    "0.010039818",
    "0.009966366",
    "0.009792452",
    "0.009628559"
  ],
  "val_losses": [
    "0.01340676",
    "0.011645672",
    "0.01135713",
    "0.010707505",
    "0.010371776",
    "0.010677825",
    "0.010142206",
    "0.010080977",
    "0.009885309",
    "0.0096076"
  ]
}