{
  "batch_size": 32,
  "lr": 0.001,
  "weight_decay": 1e-05,
  "num_epochs": 15,
  "image_size": 128,
  "greyscale" : false,
  "architecture_name" : "AE_Architecture_0108_2",
  "train_losses": [
    "0.02795533",
    "0.012361733",
    "0.011295946",
    "0.010832838",
    "0.010527664",
    "0.010331472",
    "0.010019968",
    "0.009935774",
    "0.00979696",
    "0.009619792",
    "0.009579744",
    "0.009483725",
    "0.0093815625",
    "0.009389159",
    "0.009185667"
  ],
  "val_losses": [
    "0.013344067",
    "0.011583161",
    "0.0106667625",
    "0.010770014",
    "0.010334732",
    "0.010707252",
    "0.010144244",
    "0.010186837",
    "0.009806139",
    "0.009556834",
    "0.009613924",
    "0.009795584",
    "0.009683764",
    "0.009082497",
    "0.00918247"
  ]
}
