{
  "config": {
    "seed": 1,
    "batch_size": 4,
    "learning_rate": 0.001,
    "momentum": 0.9,
    "epochs": 3,
    "train_prop": 0.9,
    "val_prop": 0.05,
    "model_name": "inception",
    "use_transfer_learning": true,
    "use_pretrained": true,
    "data_dir": "none",
    "sorted_data_dir": "test_data",
    "classes": [
      "Failure",
      "Success"
    ],
    "class_balance": [
      0.25,
      1
    ],
    "model_path": "model.pth"
  },
  "time": "Mon Jun 20 16:25:06 2022",
  "epochs": [
    {
      "loss": 1.0134246548016865,
      "validation_loss": 0.7101943641901016,
      "time_taken": 3.000697374343872
    },
    {
      "loss": 0.7727278470993042,
      "validation_loss": 0.8631227612495422,
      "time_taken": 0.8139147758483887
    },
    {
      "loss": 0.7301797072092692,
      "validation_loss": 1.126735046505928,
      "time_taken": 0.7665815353393555
    }
  ],
  "confusion_matrix": [
    [
      0,
      8
    ],
    [
      0,
      8
    ]
  ]
}