{
  "batch_size": 32,
  "lr": 0.001,
  "weight_decay": 1e-05,
  "num_epochs": 8,
  "image_size": 128,
  "train_losses": [
    "4.233245",
    "3.8271804",
    "3.6696303",
    "3.640473",
    "3.6264746",
    "3.6173403",
    "3.6083026",
    "3.6033902"
  ],
  "val_losses": [
    "4.094159",
    "3.6832623",
    "3.628246",
    "3.6135435",
    "3.599896",
    "3.5906954",
    "3.5829573",
    "3.5824926"
  ]
}