{
  "batch_size": 32,
  "lr": 0.001,
  "weight_decay": 1e-05,
  "num_epochs": 50,
  "image_size": 128,
  "train_losses": [
    "0.00760274",
    "0.0053996528",
    "0.00505763",
    "0.0046627615",
    "0.0043980423",
    "0.0041898214",
    "0.0040838574",
    "0.004008397",
    "0.0039401697",
    "0.0038761825",
    "0.0037969982",
    "0.003763917",
    "0.0036382996",
    "0.003488102",
    "0.0033937315",
    "0.0033875194",
    "0.0032577775",
    "0.0031974022",
    "0.0032228336",
    "0.0030842496",
    "0.003020697",
    "0.0030476009",
    "0.0029501787",
    "0.0028346682",
    "0.002835831",
    "0.003052146",
    "0.0027679",
    "0.0027460358",
    "0.0027187616",
    "0.0026780444",
    "0.0028519642",
    "0.002700863",
    "0.0028196857",
    "0.0026837173",
    "0.0026960396",
    "0.0025918281",
    "0.0026052874",
    "0.0026349302",
    "0.0025523484",
    "0.0025539724",
    "0.0027404136",
    "0.0027175052",
    "0.0025913524",
    "0.0025066498",
    "0.0024441238",
    "0.0024331158",
    "0.002519968",
    "0.002539868",
    "0.0024525677",
    "0.0024088458"
  ],
  "val_losses": [
    "0.005785712",
    "0.005407602",
    "0.00518121",
    "0.004714026",
    "0.0044252714",
    "0.004342189",
    "0.004492004",
    "0.0041897637",
    "0.004095559",
    "0.004043665",
    "0.0042523285",
    "0.0038421242",
    "0.0037287786",
    "0.0036357644",
    "0.0037091097",
    "0.0039490545",
    "0.0036367872",
    "0.0032949974",
    "0.0033691127",
    "0.0033226567",
    "0.0031032383",
    "0.0033177845",
    "0.0031897621",
    "0.0030761864",
    "0.017028477",
    "0.0030791496",
    "0.0031588702",
    "0.0029394384",
    "0.002934945",
    "0.0029994685",
    "0.0031973775",
    "0.003002721",
    "0.0030211166",
    "0.0030330217",
    "0.0029087658",
    "0.0029161714",
    "0.0030957165",
    "0.0029353586",
    "0.0030840812",
    "0.0029043239",
    "0.0029137558",
    "0.0028398593",
    "0.002811293",
    "0.0028357622",
    "0.0027636255",
    "0.003656749",
    "0.0028838692",
    "0.0030463175",
    "0.0027134994",
    "0.0027780614"
  ]
}