{
  "batch_size": 32,
  "lr": 0.001,
  "weight_decay": 1e-05,
  "num_epochs": 8,
  "image_size": 128,
  "train_losses": [
    "0.037485592",
    "0.016135683",
    "0.014559878",
    "0.013958834",
    "0.013539363",
    "0.013211859",
    "0.012301005",
    "0.010982139"
  ],
  "val_losses": [
    "0.016990924",
    "0.015419601",
    "0.013937108",
    "0.014160397",
    "0.0132944",
    "0.01322425",
    "0.011288163",
    "0.011171204"
  ]
}